{
    "sections": [
        { 
            "title": "Last 30 days",
            "type": "stats",
            "dataSourceUrl": "https://x.com/monthly-stats-12-2020.json"
        },
        {
            "title": "Overview",
            "type": "charts",
            "widgets": [
                {
                    "type": "line-chart",
                    "dataSourceUrl": "https://x.com/annual-growth.json",
                    "title": "Yearly growth",
                    "maxWidth": "2/3"   
                },
                {
                    "type": "pie-chart",
                    "dataSourceUrl": "https://x.com/growth-sectors.json",
                    "title": "Popular growth sectors",
                    "maxWidth": "1/3"   
                }
            ]
        },
        {
            "title": "Customer Support",
            "type": "charts",
            "widgets": [
                {
                    "type": "column-chart",
                    "dataSourceUrl": "https://x.com/customer-reports.json",
                    "title": "Report Types",
                    "maxWidth": "1/2"   
                },
                {
                    "type": "column-chart",
                    "dataSourceUrl": "https://x.com/customer-report-status.json",
                    "title": "Report Status (open/closed)",
                    "maxWidth": "1/2"   
                },
            ]
        },
        {
            "title": "Open Tickets",
            "type": "table",
            "dataSourceUrl": "https://x.com/open-tickets.json"
        }
    ]
}