{
    "data": [{
      "country": "Lithuania",
      "litres": 501
    }, {
      "country": "Czech Republic",
      "litres": 301
    }, {
      "country": "Ireland",
      "litres": 266
    }, {
      "country": "Germany",
      "litres": 165
    }, {
      "country": "Australia",
      "litres": 139
    }, {
      "country": "Austria",
      "litres": 336
    }, {
      "country": "UK",
      "litres": 290
    }, {
      "country": "Belgium",
      "litres": 325
    }, {
      "country": "The Netherlands",
      "litres": 40
    }]
  }
  